<?xml version="1.0" encoding="utf-8"?>
<appengine-web-app xmlns="http://appengine.google.com/ns/1.0">
	<application>blo-gae</application>
	<version>1</version>

	<!-- Configure java.util.logging -->
	<system-properties>
		<property name="java.util.logging.config.file"
              value="WEB-INF/logging.properties"/>
	</system-properties>

	<inbound-services>
		<service>mail</service>
    <service>xmpp_message</service>
    <service>xmpp_presence</service>
    <service>xmpp_subscribe</service>
	</inbound-services>

</appengine-web-app>