<?xml version="1.0" encoding="utf-8"?>
<appengine-web-app xmlns="http://appengine.google.com/ns/1.0">
  <application>blo-gae</application>
  <version>1</version>
  
  <static-files>
  <include path="/**.jpg" expiration="6h"/>
  <exclude path="/resources/**.xml"/>
  </static-files>
  
  <resource-files>
  <include path="/**.xml"/>
  <exclude path="/static/**.jpg"/>
  </resource-files>
  
  
  <!-- Configure java.util.logging -->
  <system-properties>
  <property name="blog.production-version" value="true"/>
  <property name="java.util.logging.config.file"
  value="WEB-INF/logging.properties"/>
  </system-properties>
  
  
  <env-variables>
  <env-var name="LANGUAGE" value="EN"/>
  </env-variables>
  
  <ssl-enabled>false</ssl-enabled>
  
  <sessions-enabled>true</sessions-enabled>
  
  <user-permissions>
  <permission class="com.unknown.CustomPermission"
  name="custom-name" actions="read"/>
  </user-permissions>
  
  <public-root>/my</public-root>
  
  <inbound-services>
  <service>mail</service>
  </inbound-services>
  
  <precompilation-enabled>true</precompilation-enabled>

</appengine-web-app>
